{"cameraMode":{"drawMode":0,"name":"Shaded","section":"Shading Mode"},"sceneLighting":true,"audioPlay":false,"sceneViewState":{"m_AlwaysRefresh":false,"showFog":true,"showSkybox":true,"showFlares":true,"showImageEffects":true,"showParticleSystems":true,"showVisualEffectGraphs":true,"m_FxEnabled":true},"in2DMode":false,"pivot":{"x":-0.9098607301712036,"y":0.7669551968574524,"z":1.1360116004943848},"rotation":{"x":0.27781590819358828,"y":0.36497169733047488,"z":-0.11507513374090195,"w":0.8811195492744446},"size":0.8138672113418579,"orthographic":false}